GROUP,PACKAGE,CLASS,INSTRUCTION_MISSED,INSTRUCTION_COVERED,BRANCH_MISSED,BRANCH_COVERED,LINE_MISSED,LINE_COVERED,COMPLEXITY_MISSED,COMPLEXITY_COVERED,METHOD_MISSED,METHOD_COVERED
spring-boot-skeleton,com.nnk.springboot.controllers,LoginController,41,3,0,0,12,1,3,1,3,1
spring-boot-skeleton,com.nnk.springboot.controllers,HomeController,4,3,0,0,2,1,2,1,2,1
spring-boot-skeleton,com.nnk.springboot.controllers,CurveController,28,53,3,1,6,14,6,5,4,5
spring-boot-skeleton,com.nnk.springboot.controllers,UserController,75,3,4,0,19,1,9,1,7,1
spring-boot-skeleton,com.nnk.springboot.controllers,TradeController,78,3,4,0,19,1,10,1,8,1
spring-boot-skeleton,com.nnk.springboot.controllers,RuleNameController,78,3,4,0,19,1,10,1,8,1
spring-boot-skeleton,com.nnk.springboot.controllers,BidListController,78,3,4,0,19,1,10,1,8,1
spring-boot-skeleton,com.nnk.springboot.controllers,RatingController,78,3,4,0,19,1,10,1,8,1
spring-boot-skeleton,com.nnk.springboot.services,UserService,58,3,0,0,11,1,6,1,6,1
spring-boot-skeleton,com.nnk.springboot.config,Config,28,131,0,0,7,26,2,10,2,10
spring-boot-skeleton,com.nnk.springboot.domain,BidList,0,12,0,0,0,5,0,1,0,1
spring-boot-skeleton,com.nnk.springboot.domain,Trade,0,9,0,0,0,4,0,1,0,1
spring-boot-skeleton,com.nnk.springboot.domain,User,35,3,0,0,15,1,10,1,10,1
spring-boot-skeleton,com.nnk.springboot.domain,Rating,0,15,0,0,0,6,0,1,0,1
spring-boot-skeleton,com.nnk.springboot.domain,CurvePoint,0,12,0,0,0,5,0,1,0,1
spring-boot-skeleton,com.nnk.springboot.domain,RuleName,0,21,0,0,0,8,0,1,0,1
spring-boot-skeleton,com.nnk.springboot,Application,5,3,0,0,2,1,1,1,1,1
